{
  "method": "LOOCV",
  "total_samples": 22,
  "individual_accuracies": [
    1.0,
    0.0,
    1.0,
    0.0,
    0.0,
    0.0,
    0.0,
    0.0,
    0.0,
    0.0,
    0.0,
    0.0,
    0.0,
    0.0,
    0.0,
    0.0,
    0.0,
    0.0,
    0.0,
    0.0,
    0.0,
    0.0
  ],
  "mean_accuracy": 0.09090909090909091,
  "std_accuracy": 0.2874797872880344,
  "best_accuracy": 1.0,
  "worst_accuracy": 0.0
}